kabupaten_kota;penduduk;tahun_penduduk
Aceh Barat;210738;2026
Aceh Barat Daya;163464;2026
Aceh Besar;439753;2026
Aceh Jaya;102242;2026
Aceh Selatan;246901;2026
Aceh Singkil;140432;2026
Aceh Tamiang;316534;2026
Aceh Tengah;232425;2026
Aceh Tenggara;241328;2026
Aceh Timur;454431;2026
Aceh Utara;645802;2026
Agam;574226;2026
Alor;231970;2026
Asahan;835180;2026
Asmat;123246;2026
Badung;578791;2026
Balangan;142029;2026
Bandung;3812412;2026
Bandung Barat;1931072;2026
Banggai;385116;2026
Banggai Kepulauan;126865;2026
Banggai Laut;75832;2026
Bangka;350006;2026
Bangka Barat;221628;2026
Bangka Selatan;213683;2026
Bangka Tengah;216454;2026
Bangkalan;1123061;2026
Bangli;263972;2026
Banjar;618481;2026
Banjarnegara;1077335;2026
Bantaeng;209844;2026
Bantul;1033465;2026
Banyu Asin;908792;2026
Banyumas;1883070;2026
Banyuwangi;1774328;2026
Barito Kuala;340257;2026
Barito Selatan;138163;2026
Barito Timur;121622;2026
Barito Utara;166579;2026
Barru;191690;2026
Batang;855842;2026
Batang Hari;323914;2026
Batu Bara;450421;2026
Bekasi;3331400;2026
Belitung;195675;2026
Belitung Timur;135877;2026
Belu;245054;2026
Bener Meriah;177600;2026
Bengkalis;604531;2026
Bengkayang;312147;2026
Bengkulu Selatan;176907;2026
Bengkulu Tengah;125675;2026
Bengkulu Utara;316824;2026
Berau;268689;2026
Biak Numfor;144454;2026
Bima;559349;2026
Bintan;172663;2026
Bireuen;470358;2026
Blitar;1282970;2026
Blora;920104;2026
Boalemo;157072;2026
Bogor;5760944;2026
Bojonegoro;1335288;2026
Bolaang Mongondow;261398;2026
Bolaang Mongondow Selatan;74490;2026
Bolaang Mongondow Timur;94242;2026
Bolaang Mongondow Utara;89348;2026
Bombana;165590;2026
Bondowoso;800132;2026
Bone;844021;2026
Bone Bolango;174793;2026
Boven Digoel;71509;2026
Boyolali;1118557;2026
Brebes;2108502;2026
Buleleng;825944;2026
Bulukumba;463164;2026
Bulungan;164536;2026
Bungo;390852;2026
Buol;155929;2026
Buru;145909;2026
Buru Selatan;83587;2026
Buton;125654;2026
Buton Selatan;104395;2026
Buton Tengah;124926;2026
Buton Utara;71406;2026
Ciamis;1273158;2026
Cianjur;2634844;2026
Cilacap;2064810;2026
Cirebon;2438657;2026
Dairi;342229;2026
Deiyai;110187;2026
Deli Serdang;2106860;2026
Demak;1276683;2026
Dharmasraya;252149;2026
Dogiyai;129273;2026
Dompu;258349;2026
Donggala;316206;2026
Empat Lawang;352187;2026
Ende;286911;2026
Enrekang;245256;2026
Fakfak;92700;2026
Flores Timur;300997;2026
Garut;2779698;2026
Gayo Lues;110542;2026
Gianyar;533046;2026
Gorontalo;417661;2026
Gorontalo Utara;136881;2026
Gowa;839803;2026
Gresik;1390172;2026
Grobogan;1531863;2026
Gunung Kidul;754056;2026
Gunung Mas;150923;2026
Halmahera Barat;140416;2026
Halmahera Selatan;273020;2026
Halmahera Tengah;64429;2026
Halmahera Timur;101451;2026
Halmahera Utara;212742;2026
Hulu Sungai Selatan;244223;2026
Hulu Sungai Tengah;273672;2026
Hulu Sungai Utara;242092;2026
Humbang Hasundutan;211870;2026
Indragiri Hilir;699324;2026
Indragiri Hulu;480336;2026
Indramayu;1950316;2026
Intan Jaya;147845;2026
Jayapura;176375;2026
Jayawijaya;286601;2026
Jember;2635737;2026
Jembrana;329703;2026
Jeneponto;427667;2026
Jepara;1255376;2026
Jombang;1384556;2026
Kaimana;68923;2026
Kampar;921673;2026
Kapuas;439795;2026
Kapuas Hulu;272260;2026
Karanganyar;974825;2026
Karangasem;506755;2026
Karawang;2607281;2026
Karimun;268590;2026
Karo;437547;2026
Katingan;176764;2026
Kaur;135779;2026
Kayong Utara;139479;2026
Kebumen;1448563;2026
Kediri;1714171;2026
Keerom;65450;2026
Kendal;1087809;2026
Kep. Seribu;29355;2026
Kepahiang;159639;2026
Kepulauan Anambas;50983;2026
Kepulauan Aru;112697;2026
Kepulauan Mentawai;95323;2026
Kepulauan Meranti;217407;2026
Kepulauan Sangihe;144408;2026
Kepulauan Selayar;145776;2026
Kepulauan Sula;111795;2026
Kepulauan Talaud;100244;2026
Kepulauan Yapen;121653;2026
Kerinci;259640;2026
Ketapang;613999;2026
Klaten;1308775;2026
Klungkung;210360;2026
Kolaka;254270;2026
Kolaka Timur;131041;2026
Kolaka Utara;154176;2026
Konawe;282999;2026
Konawe Kepulauan;41021;2026
Konawe Selatan;340022;2026
Konawe Utara;76966;2026
Kota Ambon;369797;2026
Kota Balikpapan;735912;2026
Kota Banda Aceh;270795;2026
Kota Bandar Lampung;1237627;2026
Kota Bandung;2569102;2026
Kota Banjar;214084;2026
Kota Banjar Baru;284079;2026
Kota Banjarmasin;672668;2026
Kota Batam;1316743;2026
Kota Batu;227482;2026
Kota Baubau;173182;2026
Kota Bekasi;2652952;2026
Kota Bengkulu;409591;2026
Kota Bima;168060;2026
Kota Binjai;314552;2026
Kota Bitung;239840;2026
Kota Blitar;157785;2026
Kota Bogor;1089179;2026
Kota Bontang;193097;2026
Kota Bukittinggi;126764;2026
Kota Cilegon;464999;2026
Kota Cimahi;613954;2026
Kota Cirebon;350130;2026
Kota Denpasar;769162;2026
Kota Depok;2173248;2026
Kota Dumai;341006;2026
Kota Gorontalo;212514;2026
Kota Gunungsitoli;149739;2026
Kota Jakarta Barat;2494110;2026
Kota Jakarta Pusat;1032236;2026
Kota Jakarta Selatan;2207857;2026
Kota Jakarta Timur;3083988;2026
Kota Jakarta Utara;1822156;2026
Kota Jambi;649260;2026
Kota Jayapura;431482;2026
Kota Kediri;304129;2026
Kota Kendari;383708;2026
Kota Kotamobagu;131721;2026
Kota Kupang;490393;2026
Kota Langsa;204203;2026
Kota Lhokseumawe;206394;2026
Kota Lubuklinggau;251980;2026
Kota Madiun;205316;2026
Kota Magelang;122903;2026
Kota Makasar;1482753;2026
Kota Malang;886820;2026
Kota Manado;463564;2026
Kota Mataram;452410;2026
Kota Medan;2510147;2026
Kota Metro;179309;2026
Kota Mojokerto;139817;2026
Kota Padang;975548;2026
Kota Padang Panjang;61072;2026
Kota Padangsidimpuan;247535;2026
Kota Pagar Alam;151820;2026
Kota Palangka Raya;318540;2026
Kota Palembang;1740559;2026
Kota Palopo;201386;2026
Kota Palu;402417;2026
Kota Pangkal Pinang;236426;2026
Kota Parepare;165845;2026
Kota Pariaman;100516;2026
Kota Pasuruan;225257;2026
Kota Payakumbuh;150446;2026
Kota Pekalongan;327929;2026
Kota Pekanbaru;1046046;2026
Kota Pematang Siantar;281250;2026
Kota Pontianak;690969;2026
Kota Prabumulih;208461;2026
Kota Probolinggo;254569;2026
Kota Sabang;44610;2026
Kota Salatiga;205821;2026
Kota Samarinda;872306;2026
Kota Sawah Lunto;70664;2026
Kota Semarang;1735503;2026
Kota Serang;756145;2026
Kota Sibolga;92774;2026
Kota Singkawang;257574;2026
Kota Solok;82654;2026
Kota Sorong;306083;2026
Kota Subulussalam;103499;2026
Kota Sukabumi;375584;2026
Kota Sungai Penuh;102961;2026
Kota Surabaya;2940265;2026
Kota Surakarta;529966;2026
Kota Tangerang;1979289;2026
Kota Tangerang Selatan;1405035;2026
Kota Tanjung Balai;190449;2026
Kota Tanjung Pinang;242421;2026
Kota Tarakan;259336;2026
Kota Tasikmalaya;767854;2026
Kota Tebing Tinggi;184883;2026
Kota Tegal;291687;2026
Kota Ternate;219069;2026
Kota Tidore Kepulauan;123454;2026
Kota Tomohon;105651;2026
Kota Tual;94992;2026
Kota Yogyakarta;375660;2026
Kotabaru;352736;2026
Kotawaringin Barat;288560;2026
Kotawaringin Timur;457424;2026
Kuantan Singingi;356220;2026
Kubu Raya;670755;2026
Kudus;899832;2026
Kulon Progo;449501;2026
Kuningan;1236761;2026
Kupang;386353;2026
Kutai Barat;181813;2026
Kutai Kartanegara;897918;2026
Kutai Timur;477695;2026
Labuhan Batu;533334;2026
Labuhan Batu Selatan;347767;2026
Labuhan Batu Utara;422072;2026
Lahat;460814;2026
Lamandau;106700;2026
Lamongan;1394222;2026
Lampung Barat;322589;2026
Lampung Selatan;1147198;2026
Lampung Tengah;1557290;2026
Lampung Timur;1175365;2026
Lampung Utara;671492;2026
Landak;429744;2026
Langkat;1100570;2026
Lanny Jaya;213985;2026
Lebak;1478091;2026
Lebong;114499;2026
Lembata;147202;2026
Lima Puluh Kota;410327;2026
Lingga;103880;2026
Lombok Barat;787339;2026
Lombok Tengah;1149627;2026
Lombok Timur;1460017;2026
Lombok Utara;268761;2026
Lumajang;1158367;2026
Luwu;394206;2026
Luwu Timur;321021;2026
Luwu Utara;345321;2026
Madiun;763828;2026
Magelang;1362099;2026
Magetan;692785;2026
Mahakam Ulu;35245;2026
Majalengka;1374601;2026
Majene;188857;2026
Malaka;198496;2026
Malang;2774002;2026
Malinau;88445;2026
Maluku Barat Daya;89926;2026
Maluku Tengah;450384;2026
Maluku Tenggara;128774;2026
Maluku Tenggara Barat / Kepulauan Tanimbar;134167;2026
Mamasa;178098;2026
Mamberamo Raya;40887;2026
Mamberamo Tengah;55074;2026
Mamuju;306597;2026
Mamuju Tengah;150458;2026
Mamuju Utara / Pasangkayu;210278;2026
Mandailing Natal;521528;2026
Manggarai;345826;2026
Manggarai Barat;287142;2026
Manggarai Timur;306838;2026
Manokwari;211063;2026
Manokwari Selatan;40319;2026
Mappi;118820;2026
Maros;424592;2026
Maybrat;50059;2026
Melawi;250492;2026
Mempawah;324456;2026
Merangin;383224;2026
Merauke;243628;2026
Mesuji;248750;2026
Mimika;335373;2026
Minahasa;356624;2026
Minahasa Selatan;243684;2026
Minahasa Tenggara;122605;2026
Minahasa Utara;237708;2026
Mojokerto;1170760;2026
Morowali;178654;2026
Morowali Utara;131353;2026
Muara Enim;654720;2026
Muaro Jambi;435795;2026
Mukomuko;207380;2026
Muna;234539;2026
Muna Barat;94305;2026
Murung Raya;121996;2026
Musi Banyuasin;666458;2026
Musi Rawas;419572;2026
Musi Rawas Utara;203119;2026
Nabire;178421;2026
Nagan Raya;180440;2026
Nagekeo;172974;2026
Natuna;87825;2026
Nduga;116376;2026
Ngada;178843;2026
Nganjuk;1145155;2026
Ngawi;889988;2026
Nias;159325;2026
Nias Barat;100960;2026
Nias Selatan;404325;2026
Nias Utara;164166;2026
Nunukan;216970;2026
Ogan Ilir;446141;2026
Ogan Komering Ilir;825692;2026
Ogan Komering Ulu;390470;2026
Ogan Komering Ulu Selatan;439948;2026
Ogan Komering Ulu Timur;685776;2026
Pacitan;589357;2026
Padang Lawas;290481;2026
Padang Lawas Utara;290671;2026
Padang Pariaman;474990;2026
Pakpak Bharat;58261;2026
Pamekasan;901666;2026
Pandeglang;1350503;2026
Pangandaran;438741;2026
Pangkajene dan Kepulauan;366192;2026
Paniai;243966;2026
Parigi Moutong;469668;2026
Pasaman;327768;2026
Pasaman Barat;468987;2026
Paser;292393;2026
Pasuruan;1681022;2026
Pati;1392603;2026
Pegunungan Arfak;42914;2026
Pegunungan Bintang;86070;2026
Pekalongan;1041335;2026
Pelalawan;427434;2026
Pemalang;1576420;2026
Penajam Paser Utara;523288;2026
Penukal Abab Lematang Ilir;210633;2026
Pesawaran;512164;2026
Pesisir Barat;177385;2026
Pesisir Selatan;547763;2026
Pidie;461254;2026
Pidie Jaya;170580;2026
Pinrang;435066;2026
Pohuwato;157527;2026
Polewali Mandar;513066;2026
Ponorogo;968994;2026
Poso;258768;2026
Pringsewu;434739;2026
Probolinggo;1200981;2026
Pulang Pisau;142028;2026
Pulau Morotai;82247;2026
Pulau Taliabu;63085;2026
Puncak;126152;2026
Puncak Jaya;239596;2026
Purbalingga;1057643;2026
Purwakarta;1075243;2026
Purworejo;808153;2026
Raja Ampat;73137;2026
Rejang Lebong;294879;2026
Rembang;674717;2026
Rokan Hilir;691826;2026
Rokan Hulu;609692;2026
Rote Ndao;157788;2026
Sabu Raijua;97742;2026
Sambas;667834;2026
Samosir;146539;2026
Sampang;1038386;2026
Sanggau;522799;2026
Sarmi;43846;2026
Sarolangun;314735;2026
Sekadau;227866;2026
Seluma;222168;2026
Semarang;1107054;2026
Seram Bagian Barat;233187;2026
Seram Bagian Timur;151788;2026
Serang;1738298;2026
Serdang Bedagai;708267;2026
Seruyan;180308;2026
Siak;496891;2026
Siau Tagulandang Biaro;74938;2026
Sidenreng Rappang;336245;2026
Sidoarjo;2215288;2026
Sigi;276556;2026
Sijunjung;252768;2026
Sikka;350343;2026
Simalungun;1082872;2026
Simeulue;101604;2026
Sinjai;276173;2026
Sintang;454581;2026
Situbondo;707572;2026
Sleman;1190034;2026
Solok;420412;2026
Solok Selatan;201979;2026
Soppeng;241460;2026
Sorong;125222;2026
Sorong Selatan;58288;2026
Sragen;1018657;2026
Subang;1687343;2026
Sukabumi;2875411;2026
Sukamara;70142;2026
Sukoharjo;959018;2026
Sumba Barat;160172;2026
Sumba Barat Daya;342287;2026
Sumba Tengah;96036;2026
Sumba Timur;266655;2026
Sumbawa;550684;2026
Sumbawa Barat;160732;2026
Sumedang;1203722;2026
Sumenep;1165227;2026
Supiori;25524;2026
Tabalong;273602;2026
Tabanan;470510;2026
Takalar;325192;2026
Tambrauw;32755;2026
Tana Tidung;29486;2026
Tana Toraja;298208;2026
Tanah Bumbu;352072;2026
Tanah Datar;397235;2026
Tanah Laut;372716;2026
Tangerang;3468939;2026
Tanggamus;685539;2026
Tanjung Jabung Barat;344131;2026
Tanjung Jabung Timur;243255;2026
Tapanuli Selatan;324079;2026
Tapanuli Tengah;410849;2026
Tapanuli Utara;334715;2026
Tapin;203482;2026
Tasikmalaya;1946197;2026
Tebo;363894;2026
Tegal;1713090;2026
Teluk Bintuni;92923;2026
Teluk Wondama;47619;2026
Temanggung;827132;2026
Timor Tengah Selatan;494692;2026
Timor Tengah Utara;283855;2026
Toba Samosir / Toba;222422;2026
Tojo Una-Una;174355;2026
Tolikara;250038;2026
Toli-Toli;238049;2026
Toraja Utara;286668;2026
Trenggalek;750476;2026
Tuban;1237088;2026
Tulang Bawang Barat;304759;2026
Tulangbawang;460341;2026
Tulungagung;1125005;2026
Wajo;393747;2026
Wakatobi;121788;2026
Waropen;36783;2026
Way Kanan;509245;2026
Wonogiri;1059766;2026
Wonosobo;941526;2026
Yahukimo;382349;2026
Yalimo;111371;2026
