shapeID,shapeName,luas_km2
22746128B65593111718524,Aceh Barat,2810.0804573457876
22746128B227561513795,Aceh Barat Daya,1893.1534335108845
22746128B90547447297479,Aceh Besar,2897.326691492086
22746128B21424895456858,Aceh Jaya,3878.163465010479
22746128B12428400263117,Aceh Selatan,4216.151608404183
22746128B17710719872214,Aceh Singkil,1887.1706631746083
22746128B57620394058931,Aceh Tamiang,2143.063096835926
22746128B89023327523654,Aceh Tengah,4706.022086538294
22746128B65780821536148,Aceh Tenggara,4146.757009707713
22746128B94735591859977,Aceh Timur,5440.522283112851
22746128B43339434023645,Aceh Utara,2710.32541653556
22746128B89220130199878,Agam,2237.9099731386427
22746128B1117135414899,Alor,2943.8824950801068
22746128B26461090721788,Asahan,3781.143910340474
22746128B62198228854475,Asmat,25024.52838059434
22746128B76986430159502,Badung,394.96663005207836
22746128B67876608948387,Balangan,1902.3735675163484
22746128B73297609500416,Bandung,1754.4664651429348
22746128B79756617117888,Bandung Barat,1276.939082920077
22746128B48169474795911,Banggai,8319.511456152424
22746128B2571336805106,Banggai Kepulauan,2364.9814630256933
22746128B78411617556279,Banggai Laut,683.8647550747455
22746128B27585215741432,Bangka,3016.294109859981
22746128B47433230053131,Bangka Barat,2887.5347156509547
22746128B19321376976921,Bangka Selatan,3706.3730980832593
22746128B66707258567489,Bangka Tengah,2125.703995607666
22746128B23347682239441,Bangkalan,1303.3189439398827
22746128B25936754669599,Bangli,523.3115126456958
22746128B79736905882971,Banjar,4725.111346006233
22746128B31481808975183,Banjarnegara,1149.186836096787
22746128B71175962379658,Bantaeng,398.84058474727743
22746128B15956982783625,Bantul,515.6310946556745
22746128B71070720422540,Banyu Asin,11103.644076786406
22746128B18933963724988,Banyumas,1389.831315659251
22746128B51270543903443,Banyuwangi,3603.001945255754
22746128B88870484763637,Barito Kuala,2379.7486424192102
22746128B74191069780867,Barito Selatan,6633.74446375493
22746128B29529230943245,Barito Timur,3292.7376227254545
22746128B89680104320053,Barito Utara,9934.419205817989
22746128B81694843903641,Barru,1188.6715360380135
22746128B4894534477686,Batang,859.2567975108437
22746128B80000441774097,Batang Hari,5463.887067399572
22746128B96384374000902,Batu Bara,912.7762425728067
22746128B74302729610221,Bekasi,1267.8879362940395
22746128B80009106787015,Belitung,2311.694398938334
22746128B98690900191937,Belitung Timur,2554.1756079121956
22746128B36840991830224,Belu,1123.2001867075367
22746128B4257100474226,Bener Meriah,1931.7304273313728
22746128B45456061674897,Bengkalis,8508.695245117306
22746128B96004883426087,Bengkayang,5632.738894010716
22746128B78254403614329,Bengkulu Selatan,1227.0581435251715
22746128B16836972822517,Bengkulu Tengah,1044.9508444761223
22746128B39887218554518,Bengkulu Utara,4434.97658689229
22746128B34069275840087,Berau,22530.61462872419
22746128B19254678251292,Biak Numfor,2252.2535744772604
22746128B14082340634491,Bima,4208.850024700672
22746128B62804497316712,Bintan,1336.200188109894
22746128B71427834061478,Bireuen,1791.1150952362696
22746128B45235083091424,Blitar,1754.0361706563447
22746128B85780086903212,Blora,1948.7609184571265
22746128B1718153682633,Boalemo,1840.1134558025901
22746128B99423643145371,Bogor,2993.3203118327765
22746128B62232019301027,Bojonegoro,2313.9086314539118
22746128B99982169683342,Bolaang Mongondow,3237.574185282363
22746128B14720240696101,Bolaang Mongondow Selatan,1800.0859589791962
22746128B26195600949416,Bolaang Mongondow Timur,878.8342327816199
22746128B96389329417801,Bolaang Mongondow Utara,1675.2669099491352
22746128B28760414544557,Bombana,3334.0543027230046
22746128B61555758059649,Bondowoso,1555.4405759704453
22746128B25468135680533,Bone,4598.264112413759
22746128B41707288718561,Bone Bolango,1900.88306026943
22746128B21273779065212,Boven Digoel,23653.752832901544
22746128B51975137382727,Boyolali,1084.9293560859874
22746128B82312103386068,Brebes,1754.3785125275033
22746128B19337828575841,Buleleng,1310.2911622046188
22746128B72639885395673,Bulukumba,1165.7531983120195
22746128B10941975158621,Bulungan,12711.14062387571
22746128B28569646979400,Bungo,4692.868470696153
22746128B60636029206407,Buol,3864.7321706788507
22746128B29167244459072,Buru,4459.193238881496
22746128B90083339512512,Buru Selatan,4140.547219578561
22746128B86741169633217,Buton,1653.5757568292142
22746128B94245100908076,Buton Selatan,539.6934608995003
22746128B6718763508294,Buton Tengah,846.1567540064638
22746128B51044624823813,Buton Utara,1664.2309275097673
22746128B17121530580660,Ciamis,1593.4094456216596
22746128B34542084533901,Cianjur,3592.529722164756
22746128B37209370352000,Cilacap,2345.1706389968476
22746128B77544549346240,Cirebon,1068.3446477388704
22746128B7455670127099,Dairi,1992.5757110415373
22746128B15758871990616,Danau,284.05494575387155
22746128B58041142516585,Danau Toba,1102.0903580114757
22746128B51921656212420,Deiyai,1837.2253533510013
22746128B17104196518473,Deli Serdang,2593.9701766420085
22746128B71519500232359,Demak,1002.4266474555856
22746128B7219534805401,Dharmasraya,3017.018793734563
22746128B76462588476684,Dogiyai,4644.639181130036
22746128B31420255543838,Dompu,2281.489794154457
22746128B11403753934380,Donggala,4906.163738249235
22746128B47089116764549,Empat Lawang,2390.4123294409287
22746128B46201528673681,Ende,2067.7673474713833
22746128B73854324401708,Enrekang,1824.7193779475776
22746128B79106566109504,Fakfak,10986.93955597058
22746128B68993103553012,Flores Timur,1748.2749815157424
22746128B66421464971893,Garut,3089.2222610832164
22746128B71384327775718,Gayo Lues,5450.885330577422
22746128B44616450347238,Gianyar,365.4913987843127
22746128B1660874628525,Gorontalo,2163.4776841607554
22746128B78667545948550,Gorontalo Utara,1700.1905223774077
22746128B57887954309635,Gowa,1804.8851371422252
22746128B46933486274006,Gresik,1252.8444289272015
22746128B71964042918672,Grobogan,2030.2767746748673
22746128B54859500646728,Gunung Kidul,1474.2359469165526
22746128B12491014044373,Gunung Mas,10102.427717348153
22746128B52341022582766,Halmahera Barat,2176.5901813319865
22746128B2838702785556,Halmahera Selatan,8154.722067059245
22746128B46636453933041,Halmahera Tengah,2265.3268331499903
22746128B70343351071090,Halmahera Timur,6466.873275309777
22746128B41252486574655,Halmahera Utara,3477.619126838182
22746128B37889128386884,Hulu Sungai Selatan,1697.039958264933
22746128B20472072190374,Hulu Sungai Tengah,1663.0675971507171
22746128B21492383155838,Hulu Sungai Utara,890.5225302163792
22746128B305851071948,Humbang Hasundutan,2531.3428554744187
22746128B69994664325988,Hutan,18.9255293182983
22746128B36468792556341,Indragiri Hilir,13434.191716899759
22746128B72920479258091,Indragiri Hulu,8003.809863818256
22746128B59462811669242,Indramayu,2083.1934427840174
22746128B83440404091664,Intan Jaya,4633.199508105553
22746128B71103770185906,Jayapura,14348.435236946605
22746128B40741333574981,Jayawijaya,2636.821585982331
22746128B56085237319005,Jember,3306.4354983074463
22746128B85592790675198,Jembrana,853.4568059330597
22746128B64050318598962,Jeneponto,796.248386321889
22746128B68650893607060,Jepara,1022.9602450880539
22746128B39847330151566,Jombang,1120.5177292082717
22746128B93097528927367,Kaimana,16155.602973374009
22746128B8837306932395,Kampar,10733.295569031854
22746128B40136746216216,Kapuas,17298.480475919197
22746128B82886709098386,Kapuas Hulu,31118.314233989007
22746128B60715781377305,Karang Asem,839.9665438917042
22746128B38192287274107,Karanganyar,803.7884077477185
22746128B53840275251202,Karawang,1914.1923045695562
22746128B38340908247842,Karimun,921.5521298828908
22746128B49947212525753,Karo,2176.217935539713
22746128B40819362853427,Katingan,19401.8017197171
22746128B79405855452274,Kaur,2541.2459691024765
22746128B56151469580770,Kayong Utara,4619.247977557729
22746128B26305825050369,Kebumen,1330.6978101393577
22746128B82286187836997,Kediri,1522.9854298583596
22746128B17774751253690,Keerom,9080.53029926554
22746128B21241240008354,Kendal,1001.4485013829735
22746128B30869437307727,Kepahiang,705.6155178415368
22746128B99951880476592,Kepulauan Anambas,637.3767943307663
22746128B17511076551422,Kepulauan Aru,8122.684168710953
22746128B86355072671334,Kepulauan Mentawai,6000.678479685166
22746128B32802105420608,Kepulauan Meranti,3641.0961748683712
22746128B28296608330436,Kepulauan Sangihe,599.749115808737
22746128B1615833901652,Kepulauan Selayar,1173.4583661804284
22746128B63742079715926,Kepulauan Seribu,10.78310347666094
22746128B81791072961966,Kepulauan Sula,1787.7740495281776
22746128B45484540858108,Kepulauan Talaud,1013.3543350747644
22746128B96094928872069,Kepulauan Yapen,2433.5650233780734
22746128B64633952285861,Kerinci,3401.9194949917865
22746128B56277764926455,Ketapang,29743.9669260485
22746128B24447956326165,Klaten,701.2801217132874
22746128B73073409478343,Klungkung,313.1175764429418
22746128B69202393010200,Kolaka,3076.0354560713595
22746128B88028223529334,Kolaka Timur,3718.645329091758
22746128B11198700179718,Kolaka Utara,3250.608881222819
22746128B78249855862414,Konawe,5070.925208090045
22746128B22870517920414,Konawe Kepulauan,712.0787066663718
22746128B90195550492320,Konawe Selatan,4251.557149714712
22746128B68991025063444,Konawe Utara,4679.958090215198
22746128B58388026658287,Kota Ambon,296.5852627567851
22746128B66626446070966,Kota Balikpapan,542.2332478270959
22746128B56363132836699,Kota Banda Aceh,55.328162662571806
22746128B13880384963573,Kota Bandar Lampung,175.8062165905898
22746128B71762235135177,Kota Bandung,168.04769526752324
22746128B64728543729693,Kota Banjar,130.47760057300326
22746128B6711072078761,Kota Banjar Baru,323.40123284718106
22746128B37126944555810,Kota Banjarmasin,97.89448734548611
22746128B85816588264471,Kota Baru,9173.908330195027
22746128B16651418017337,Kota Batam,1010.9840585969827
22746128B69457994360094,Kota Batu,196.31743344387536
22746128B66779214231616,Kota Baubau,290.42252192424513
22746128B54763839112631,Kota Bekasi,214.09234035994234
22746128B322693337562,Kota Bengkulu,186.64229222032597
22746128B33789977192923,Kota Bima,210.9988452735203
22746128B66679629138785,Kota Binjai,94.20524527245209
22746128B20507278995893,Kota Bitung,310.9967679320903
22746128B15123001204790,Kota Blitar,33.36753963539739
22746128B63896883204987,Kota Bogor,111.74011647975743
22746128B2679722836886,Kota Bontang,165.58513935714396
22746128B12322141134935,Kota Bukittinggi,23.831510497006686
22746128B25933583546422,Kota Cilegon,164.28599327581858
22746128B53430054982428,Kota Cimahi,41.14511767224919
22746128B80288264799633,Kota Cirebon,39.779437601977094
22746128B89164850776530,Kota Denpasar,125.66672316964137
22746128B73481124779947,Kota Depok,199.7322109802522
22746128B18875576502901,Kota Dumai,2270.123330904274
22746128B66202348563483,Kota Gorontalo,67.26070152626603
22746128B74256869593133,Kota Gunungsitoli,311.8254608764218
22746128B58252967349746,Kota Jakarta Barat,125.47004355291278
22746128B21128962092426,Kota Jakarta Pusat,47.8871597808506
22746128B93686700937380,Kota Jakarta Selatan,144.81255487074895
22746128B5353616278909,Kota Jakarta Timur,184.65801610323666
22746128B85966169947265,Kota Jakarta Utara,140.26390775828412
22746128B99667418524197,Kota Jambi,171.48866502019808
22746128B85346986276333,Kota Jayapura,758.196314685177
22746128B79918158306090,Kota Kediri,69.1781483521511
22746128B80961359079738,Kota Kendari,269.14904603312334
22746128B93986330379000,Kota Kotamobagu,106.75029888803459
22746128B56606429525327,Kota Kupang,155.46918062764854
22746128B69628984727954,Kota Langsa,212.46224428910432
22746128B88010078110453,Kota Lhokseumawe,138.14040162671904
22746128B74548717001691,Kota Lubuklinggau,366.9494738410756
22746128B30166819315055,Kota Madiun,34.62464785554642
22746128B66141272433758,Kota Magelang,17.873457979637397
22746128B73854317646589,Kota Makassar,182.8827805232359
22746128B9724218643478,Kota Malang,109.95000288987814
22746128B83673204362612,Kota Manado,160.92546578122278
22746128B34810169298981,Kota Mataram,60.20271635876552
22746128B40654739963843,Kota Medan,283.3270481216577
22746128B64737377738458,Kota Metro,77.78223094913798
22746128B53956788697299,Kota Mojokerto,20.210259187407203
22746128B51925287869213,Kota Padang,686.0836860912239
22746128B34977061629525,Kota Padang Panjang,21.09207875302146
22746128B81378642761445,Kota Padangsidimpuan,134.5465518027805
22746128B19740076763731,Kota Pagar Alam,590.7659131975374
22746128B5087893857208,Kota Palangka Raya,2602.281750731452
22746128B87825164980488,Kota Palembang,367.7985637840568
22746128B54354608226928,Kota Palopo,280.97286293579776
22746128B23229204425516,Kota Palu,388.4843180425629
22746128B92282941938888,Kota Pangkal Pinang,104.59072211263472
22746128B37987509465042,Kota Parepare,87.69639090237852
22746128B94413576870843,Kota Pariaman,64.7071409805292
22746128B86769429493629,Kota Pasuruan,38.93001845812304
22746128B75816793285642,Kota Payakumbuh,75.26117779065845
22746128B98453198956040,Kota Pekalongan,45.63410519689972
22746128B3549150233660,Kota Pekanbaru,625.6192451946982
22746128B46755595316405,Kota Pematang Siantar,76.45503254745496
22746128B68403360613456,Kota Pontianak,108.4312941626796
22746128B13695709263199,Kota Prabumulih,406.64542914306395
22746128B48742890195125,Kota Probolinggo,54.93695336563542
22746128B78398648082643,Kota Sabang,122.89898951185417
22746128B99456803569608,Kota Salatiga,53.08408927719608
22746128B87893249930832,Kota Samarinda,724.4576831463949
22746128B93370341632229,Kota Sawah Lunto,238.5870687061289
22746128B5783483209745,Kota Semarang,385.67465583941066
22746128B38845978082923,Kota Serang,264.8645169450153
22746128B47009036461165,Kota Sibolga,10.861301458062517
22746128B18670307275317,Kota Singkawang,450.9729845817054
22746128B30699524960223,Kota Solok,60.86734542862201
22746128B11366688050704,Kota Sorong,297.3143697296731
22746128B20185680371825,Kota Subulussalam,1167.516399873413
22746128B82825120895999,Kota Sukabumi,48.9503071438891
22746128B31453944142504,Kota Sungai Penuh,352.7453786571496
22746128B68603538827891,Kota Surabaya,335.9537563732384
22746128B33460906687482,Kota Surakarta,46.266341295783484
22746128B7613374511026,Kota Tangerang,181.4671348975083
22746128B62533997811788,Kota Tangerang Selatan,164.3963913193542
22746128B91306693093612,Kota Tanjung Balai,60.77204372868288
22746128B73074683492420,Kota Tanjung Pinang,148.27685816176037
22746128B97983454808676,Kota Tarakan,250.9772771529996
22746128B57000549481658,Kota Tasikmalaya,183.92377458702458
22746128B29639616204280,Kota Tebing Tinggi,39.9309083152408
22746128B85080883644541,Kota Tegal,38.93598957939234
22746128B36781349389855,Kota Ternate,161.9870321205533
22746128B24002479708791,Kota Tidore Kepulauan,1683.9536095767253
22746128B12552284418793,Kota Tomohon,150.37910131364112
22746128B79752231805890,Kota Tual,231.0265138927099
22746128B9761158776103,Kota Yogyakarta,32.90537210601702
22746128B93777795819955,Kotawaringin Barat,8380.849876152943
22746128B94284518008212,Kotawaringin Timur,15700.423546529333
22746128B8182037452639,Kuantan Singingi,5283.697762950504
22746128B69090577702614,Kubu Raya,8597.861888011535
22746128B61967707401144,Kudus,435.52728875402914
22746128B43033686501526,Kulon Progo,574.9831988596835
22746128B44289127403365,Kuningan,1185.606904376464
22746128B27765258797580,Kupang,5110.08607359505
22746128B93368126922918,Kutai Barat,13661.47201694257
22746128B55621143702768,Kutai Kartanegara,25219.424390466233
22746128B75924443266043,Kutai Timur,31454.70022428117
22746128B75065966155231,Labuhan Batu,2731.763872488997
22746128B23995987640193,Labuhan Batu Selatan,3081.4929261614325
22746128B7095356521044,Labuhan Batu Utara,3576.59984447716
22746128B84107388414918,Lahat,4233.046138627471
22746128B62127435888540,Lamandau,7320.308691080615
22746128B62762388436916,Lamongan,1751.4213448563744
22746128B74428971192525,Lampung Barat,2420.807974192874
22746128B4401734887211,Lampung Selatan,2166.90972467676
22746128B57273633041967,Lampung Tengah,4616.135297124483
22746128B49036162018248,Lampung Timur,3914.3378090522456
22746128B16659764843822,Lampung Utara,2552.609165455683
22746128B55433427549228,Landak,8252.761741065888
22746128B45262154134474,Langkat,6239.6060145150495
22746128B21145180666794,Lanny Jaya,3686.5280080759744
22746128B73767534141998,Lebak,3307.9776289289457
22746128B6914990948320,Lebong,1666.1972809501851
22746128B62947944336237,Lembata,1259.2169157805515
22746128B97954273808268,Lima Puluh Kota,3324.1227771718463
22746128B41866695352092,Lingga,2207.5334503468303
22746128B38668827904245,Lombok Barat,923.5709770010528
22746128B98880758851169,Lombok Tengah,1166.4680369307864
22746128B55307338459902,Lombok Timur,1606.67000524014
22746128B90862663975631,Lombok Utara,811.9107170502817
22746128B76070527787319,Lumajang,1810.3935179714201
22746128B94521952332625,Luwu,2898.4258296848766
22746128B1110744719374,Luwu Timur,6709.967017830991
22746128B26232805086319,Luwu Utara,7568.368243082654
22746128B56340035124164,Madiun,1117.5001179735436
22746128B50341569898666,Magelang,1131.2190150196236
22746128B43524249433579,Magetan,701.9619990388228
22746128B30313932055345,Mahakam Hulu,18120.1034871582
22746128B87647472826371,Majalengka,1340.6817659863727
22746128B56869239776422,Majene,891.3560716087303
22746128B56140662064287,Malaka,1116.1919418912967
22746128B8866265958554,Malang,3456.826944728574
22746128B54632748429230,Malinau,39912.85790073007
22746128B88480653802061,Maluku Barat Daya,4600.7192491781525
22746128B41463091507887,Maluku Tengah,8113.273885077951
22746128B6545713511337,Maluku Tenggara,1012.3898869713423
22746128B78864950196660,Maluku Tenggara Barat,4432.507439447951
22746128B65559589019405,Mamasa,2970.0397897533508
22746128B39960960221771,Mamberamo Raya,28903.60057779255
22746128B2349164731379,Mamberamo Tengah,3086.6624643222162
22746128B65468173429736,Mamuju,4794.426602266177
22746128B49136567123703,Mamuju Tengah,2875.820455617958
22746128B5634485200629,Mamuju Utara,2951.413170291426
22746128B80893459197040,Mandailing Natal,6536.62277986846
22746128B41361424069199,Manggarai,1341.4869190111401
22746128B27819456459641,Manggarai Barat,3135.771267671506
22746128B57997288446056,Manggarai Timur,2401.349709792137
22746128B58641314112332,Manokwari,1955.1341220055042
22746128B90822416479405,Manokwari Selatan,2375.8411839600176
22746128B63262525003276,Mappi,25826.064383132874
22746128B73491405172020,Maros,1441.097156940414
22746128B44891092584435,Maybrat,3303.0771489659296
22746128B3341090541732,Melawi,10024.76442425307
22746128B13218426778114,Mempawah,2001.896018627288
22746128B71403115718321,Merangin,7418.179586970953
22746128B65756496772256,Merauke,44014.03193926345
22746128B5734020897269,Mesuji,2176.2909879874733
22746128B99426029309213,Mimika,17827.76875742301
22746128B63895215577583,Minahasa,1110.666869109651
22746128B98133955192071,Minahasa Selatan,1485.219121691575
22746128B38105670760260,Minahasa Tenggara,703.5292561802185
22746128B90516172699691,Minahasa Utara,1015.3955249344475
22746128B795310620233,Mojokerto,974.1019040667652
22746128B26432903559283,Morowali,4135.369031469492
22746128B96188894812390,Morowali Utara,8949.94843141293
22746128B32446581498560,Muara Enim,6751.481889954112
22746128B29274337249674,Muaro Jambi,5418.1572504633705
22746128B39825953538573,Mukomuko,4259.246920948215
22746128B70372019871554,Muna,1941.858168650575
22746128B23924471266348,Muna Barat,814.1849294453526
22746128B54866510421393,Murung Raya,23865.253060133466
22746128B84212736337013,Musi Banyuasin,14755.872301321491
22746128B56500782521831,Musi Rawas,6320.222357893712
22746128B26074251210079,Musi Rawas Utara,5833.840291154741
22746128B29146649309875,Nabire,12264.533233923285
22746128B8237986094994,Nagan Raya,3423.920014028605
22746128B97494513966687,Nagekeo,1412.4878708784229
22746128B6637644559706,Natuna,1987.8657702951293
22746128B7624163664321,Nduga,6972.34928329282
22746128B33181363193361,Ngada,1712.9689026145627
22746128B46559606025688,Nganjuk,1290.2470012235676
22746128B17210029520680,Ngawi,1393.2755169639536
22746128B114560941686,Nias,862.9853771141845
22746128B23007358779926,Nias Barat,456.6171016810652
22746128B70987165350034,Nias Selatan,2500.723834531461
22746128B50601239773602,Nias Utara,1202.5761242135504
22746128B24707766174966,Nunukan,14184.356120249096
22746128B50783491652131,Ogan Ilir,2384.257632952215
22746128B6554957987252,Ogan Komering Ilir,17944.15769247883
22746128B55651065226017,Ogan Komering Ulu,3866.795606783332
22746128B38683854456350,Ogan Komering Ulu Selatan,4232.228711915137
22746128B29719145941035,Ogan Komering Ulu Timur,3395.786106929177
22746128B46377021687256,Pacitan,1418.6156422505564
22746128B18337582481574,Padang Lawas,3831.1492269196438
22746128B6160471216736,Padang Lawas Utara,3957.2592575897042
22746128B3683779023382,Padang Pariaman,1354.305344467039
22746128B12751431115951,Pakpak Bharat,1322.9319053832537
22746128B37926964335633,Pamekasan,798.082844565417
22746128B79755996911998,Pandeglang,2780.3533031512557
22746128B59857718615465,Pangandaran,1133.233138175489
22746128B84288456023840,Pangkajene Dan Kepulauan,881.648103830956
22746128B72382312298600,Paniai,4709.036005398205
22746128B5854376167403,Parigi Moutong,5781.753003488999
22746128B82897046958257,Pasaman,3935.4724912820575
22746128B95220206981522,Pasaman Barat,3737.6160008498255
22746128B17746000623405,Paser,10620.68954320596
22746128B81373906315979,Pasuruan,1491.1515922872375
22746128B37789509782125,Pati,1581.5309710327326
22746128B30560862468368,Pegunungan Arfak,3285.5965162530365
22746128B40289792856685,Pegunungan Bintang,15286.654173008217
22746128B43405552393366,Pekalongan,892.6201058098918
22746128B44055596539945,Pelalawan,13066.776098205939
22746128B43122306499336,Pemalang,1137.3508755745743
22746128B96540112180119,Penajam Paser Utara,3233.72633232329
22746128B2393542990028,Penukal Abab Lematang Ilir,1923.4813619699432
22746128B94381737455512,Pesawaran,1359.1019622775298
22746128B87029922352837,Pesisir Barat,2684.438440233343
22746128B35993392452682,Pesisir Selatan,6100.4221094492
22746128B35853530005037,Pidie,2975.825643975726
22746128B77747107542596,Pidie Jaya,942.5240670110675
22746128B71783882222616,Pinrang,1910.2986245864247
22746128B36723886609479,Pohuwato,4360.543214656093
22746128B50766380968306,Polewali Mandar,2085.7430310119935
22746128B39928875112308,Ponorogo,1416.6284038661709
22746128B71918225941207,Poso,7313.172276834867
22746128B80903663444835,Pringsewu,603.7215414286396
22746128B57336658570108,Probolinggo,1725.4334787660796
22746128B75083695068268,Pulang Pisau,9740.566887430805
22746128B67952855762127,Pulau Morotai,2342.9540771144816
22746128B98781354669228,Pulau Taliabu,2990.444597968367
22746128B1222572676249,Puncak,7965.687735083529
22746128B50358350022934,Puncak Jaya,4419.6904911319625
22746128B86887436396051,Purbalingga,807.9918344312332
22746128B43709097539954,Purwakarta,988.8541800983968
22746128B47019757463267,Purworejo,1089.796675698999
22746128B90221566890304,Raja Ampat,7798.8176356342
22746128B47928451075254,Rejang Lebong,1506.9537930492834
22746128B94981829239468,Rembang,1039.3217422830649
22746128B71759944188311,Rokan Hilir,9178.085015941388
22746128B35208725321264,Rokan Hulu,7241.139049686012
22746128B61006797400672,Rote Ndao,1285.9915057003775
22746128B67076907647447,Sabu Raijua,461.02062937824104
22746128B87993072617697,Sambas,5817.765257992071
22746128B81816662901100,Samosir,1238.2047132928874
22746128B2542813239591,Sampang,1226.2431410579425
22746128B74989070523542,Sanggau,12757.125514678488
22746128B27261093121909,Sarmi,14037.746786373806
22746128B44731308508060,Sarolangun,5870.5418491619785
22746128B16160803458764,Sekadau,5700.99731939905
22746128B87861638449066,Seluma,2453.4780354390423
22746128B46914217687538,Semarang,1003.9227994806986
22746128B92585048181027,Seram Bagian Barat,4991.369643163775
22746128B38603798591380,Seram Bagian Timur,5811.279283011031
22746128B3242616561013,Serang,1467.1497813489318
22746128B52277249956552,Serdang Bedagai,1940.5358381372782
22746128B10156150641021,Seruyan,16608.958560420077
22746128B48036345674071,Siak,7821.285419417959
22746128B24839603722983,Siau Tagulandang Biaro,220.0113664149733
22746128B89870320898123,Sidenreng Rappang,1980.6320028655502
22746128B7257810863239,Sidoarjo,726.0998159237403
22746128B27078250924142,Sigi,5427.923679510623
22746128B5140836931072,Sijunjung,3067.7456432735958
22746128B25889265457696,Sikka,1694.8620665170165
22746128B18371020983209,Simalungun,4403.9824056455545
22746128B32199422560180,Simeulue,1837.4799955747926
22746128B62270956264702,Sinjai,871.0650804031454
22746128B74245273608062,Sintang,22400.500512006838
22746128B65817775308435,Situbondo,1658.0920678841794
22746128B68764842139539,Sleman,574.6429814890753
22746128B59065860162276,Solok,3246.0423875926795
22746128B25846553351835,Solok Selatan,3610.29700331076
22746128B93867843889604,Soppeng,1361.2807340249553
22746128B25112391877259,Sorong,7797.964167076169
22746128B99267537228675,Sorong Selatan,5645.155743464656
22746128B28263166501815,Sragen,977.7776158622333
22746128B90150108137034,Subang,2170.9992987822943
22746128B66929526216355,Sukabumi,4164.150013993627
22746128B44365111458704,Sukamara,3283.4756994952463
22746128B41417259813102,Sukoharjo,493.5528321636134
22746128B3578697728098,Sumba Barat,710.0553913836418
22746128B80160169684098,Sumba Barat Daya,1405.7510828111976
22746128B11743482298506,Sumba Tengah,1814.394145767639
22746128B15873256673931,Sumba Timur,6985.763637903372
22746128B848155691224,Sumbawa,6646.474038820834
22746128B87271379033569,Sumbawa Barat,1753.0868465782794
22746128B19624873108228,Sumedang,1557.520005733475
22746128B46307112426649,Sumenep,2089.844200054539
22746128B73598541988454,Supiori,670.9449239397005
22746128B29828162207979,Tabalong,3159.3458849423746
22746128B4646422714630,Tabanan,861.5399737424655
22746128B33549586615312,Takalar,573.0492341327744
22746128B68810971865676,Tambrauw,11736.140783068524
22746128B22343651246279,Tana Tidung,2917.787514807804
22746128B55477646801661,Tana Toraja,2022.1733956713895
22746128B5843223707622,Tanah Bumbu,4705.356045955303
22746128B43985885623603,Tanah Datar,1315.2188010780956
22746128B54914598899185,Tanah Laut,3842.123173217068
22746128B62876177397182,Tangerang,1026.6228271912094
22746128B69666188283297,Tanggamus,2775.187390247571
22746128B97653119007289,Tanjung Jabung Barat,4929.383103093293
22746128B13468366985120,Tanjung Jabung Timur,4951.3846851264725
22746128B22210082667393,Tapanuli Selatan,4142.997261284039
22746128B86210793324026,Tapanuli Tengah,2334.296474320438
22746128B99937545443202,Tapanuli Utara,3712.5901263746373
22746128B54842505361870,Tapin,2191.433368797789
22746128B89217704079934,Tasikmalaya,2695.224948122655
22746128B61304276790881,Tebo,6268.868551604343
22746128B39713682939315,Tegal,994.7154564685736
22746128B11480476919105,Teluk Bintuni,20754.31791831986
22746128B47515282892276,Teluk Wondama,6436.345007349112
22746128B37534287210764,Temanggung,872.8685469049568
22746128B39495189442435,Timor Tengah Selatan,3954.095422057076
22746128B66987763142599,Timor Tengah Utara,2615.4775726441726
22746128B48431928866564,Toba Samosir,2145.692432653556
22746128B20933115656615,Tojo Una-Una,5447.00826217306
22746128B86630799177927,Toli-Toli,3589.908751682733
22746128B10432975654062,Tolikara,3643.9860623431173
22746128B99951949618583,Toraja Utara,1238.8073607498618
22746128B86316028646138,Trenggalek,1248.0771530076736
22746128B21203406788524,Tuban,1977.2772004041317
22746128B7348236235073,Tulang Bawang Barat,1306.476985518469
22746128B49188423555547,Tulangbawang,3092.73776798677
22746128B2754392863745,Tulungagung,1150.4011475483649
22746128B76055711701199,Waduk Cirata,57.382360759366364
22746128B86942252851890,Wadung Kedungombo,29.734804512413955
22746128B4429389080756,Wajo,2504.7285284753407
22746128B42553963392557,Wakatobi,463.2019232154871
22746128B12986554349068,Waropen,10796.339479981987
22746128B8708218473228,Way Kanan,3650.971766680149
22746128B32217084331074,Wonogiri,1922.75300010492
22746128B92173297199140,Wonosobo,993.8601522305067
22746128B87177062694316,Yahukimo,14614.752225939437
22746128B10188501962211,Yalimo,4003.5171224330666
