nama_bps,penduduk,shapeID,nama_geo,skor
Mahakam Ulu,35245,22746128B30313932055345,Mahakam Hulu,60.9
Karangasem,506755,22746128B38192287274107,Karanganyar,66.7
Mamuju Utara / Pasangkayu,210278,22746128B5634485200629,Mamuju Utara,68.6
Maluku Tenggara Barat / Kepulauan Tanimbar,134167,22746128B78864950196660,Maluku Tenggara Barat,68.9
Kotabaru,352736,22746128B3549150233660,Kota Pekanbaru,72.7
Kep. Seribu,29355,22746128B63742079715926,Kepulauan Seribu,76.9
Toba Samosir / Toba,222422,22746128B48431928866564,Toba Samosir,82.8
Kota Makasar,1482753,22746128B73854317646589,Kota Makassar,96.0
Wonosobo,941526,22746128B92173297199140,Wonosobo,100.0
Wonogiri,1059766,22746128B32217084331074,Wonogiri,100.0
Way Kanan,509245,22746128B8708218473228,Way Kanan,100.0
Waropen,36783,22746128B12986554349068,Waropen,100.0
Wakatobi,121788,22746128B42553963392557,Wakatobi,100.0
Wajo,393747,22746128B4429389080756,Wajo,100.0
Tulungagung,1125005,22746128B2754392863745,Tulungagung,100.0
Tulangbawang,460341,22746128B49188423555547,Tulangbawang,100.0
Tulang Bawang Barat,304759,22746128B7348236235073,Tulang Bawang Barat,100.0
Tuban,1237088,22746128B21203406788524,Tuban,100.0
Trenggalek,750476,22746128B86316028646138,Trenggalek,100.0
Toraja Utara,286668,22746128B99951949618583,Toraja Utara,100.0
Toli-Toli,238049,22746128B86630799177927,Toli-Toli,100.0
Tolikara,250038,22746128B10432975654062,Tolikara,100.0
Tojo Una-Una,174355,22746128B20933115656615,Tojo Una-Una,100.0
Badung,578791,22746128B76986430159502,Badung,100.0
Asmat,123246,22746128B62198228854475,Asmat,100.0
Asahan,835180,22746128B26461090721788,Asahan,100.0
Alor,231970,22746128B1117135414899,Alor,100.0
Agam,574226,22746128B89220130199878,Agam,100.0
Aceh Utara,645802,22746128B43339434023645,Aceh Utara,100.0
Aceh Timur,454431,22746128B94735591859977,Aceh Timur,100.0
Aceh Tenggara,241328,22746128B65780821536148,Aceh Tenggara,100.0
Aceh Tengah,232425,22746128B89023327523654,Aceh Tengah,100.0
Aceh Tamiang,316534,22746128B57620394058931,Aceh Tamiang,100.0
Aceh Singkil,140432,22746128B17710719872214,Aceh Singkil,100.0
Aceh Selatan,246901,22746128B12428400263117,Aceh Selatan,100.0
Aceh Jaya,102242,22746128B21424895456858,Aceh Jaya,100.0
Aceh Besar,439753,22746128B90547447297479,Aceh Besar,100.0
Aceh Barat Daya,163464,22746128B227561513795,Aceh Barat Daya,100.0
Yahukimo,382349,22746128B87177062694316,Yahukimo,100.0
Bener Meriah,177600,22746128B4257100474226,Bener Meriah,100.0
Belu,245054,22746128B36840991830224,Belu,100.0
Belitung Timur,135877,22746128B98690900191937,Belitung Timur,100.0
Belitung,195675,22746128B80009106787015,Belitung,100.0
Bekasi,3331400,22746128B74302729610221,Bekasi,100.0
Batu Bara,450421,22746128B96384374000902,Batu Bara,100.0
Batang Hari,323914,22746128B80000441774097,Batang Hari,100.0
Batang,855842,22746128B4894534477686,Batang,100.0
Barru,191690,22746128B81694843903641,Barru,100.0
Barito Utara,166579,22746128B89680104320053,Barito Utara,100.0
Barito Timur,121622,22746128B29529230943245,Barito Timur,100.0
Barito Selatan,138163,22746128B74191069780867,Barito Selatan,100.0
Barito Kuala,340257,22746128B88870484763637,Barito Kuala,100.0
Banyuwangi,1774328,22746128B51270543903443,Banyuwangi,100.0
Banyumas,1883070,22746128B18933963724988,Banyumas,100.0
Banyu Asin,908792,22746128B71070720422540,Banyu Asin,100.0
Bolaang Mongondow,261398,22746128B99982169683342,Bolaang Mongondow,100.0
Bojonegoro,1335288,22746128B62232019301027,Bojonegoro,100.0
Bogor,5760944,22746128B99423643145371,Bogor,100.0
Boalemo,157072,22746128B1718153682633,Boalemo,100.0
Blora,920104,22746128B85780086903212,Blora,100.0
Blitar,1282970,22746128B45235083091424,Blitar,100.0
Bireuen,470358,22746128B71427834061478,Bireuen,100.0
Bintan,172663,22746128B62804497316712,Bintan,100.0
Bima,559349,22746128B14082340634491,Bima,100.0
Biak Numfor,144454,22746128B19254678251292,Biak Numfor,100.0
Berau,268689,22746128B34069275840087,Berau,100.0
Bengkulu Utara,316824,22746128B39887218554518,Bengkulu Utara,100.0
Bengkulu Tengah,125675,22746128B16836972822517,Bengkulu Tengah,100.0
Bengkulu Selatan,176907,22746128B78254403614329,Bengkulu Selatan,100.0
Bengkayang,312147,22746128B96004883426087,Bengkayang,100.0
Bengkalis,604531,22746128B45456061674897,Bengkalis,100.0
Buru,145909,22746128B29167244459072,Buru,100.0
Buol,155929,22746128B60636029206407,Buol,100.0
Bungo,390852,22746128B28569646979400,Bungo,100.0
Bulungan,164536,22746128B10941975158621,Bulungan,100.0
Bulukumba,463164,22746128B72639885395673,Bulukumba,100.0
Buleleng,825944,22746128B19337828575841,Buleleng,100.0
Brebes,2108502,22746128B82312103386068,Brebes,100.0
Boyolali,1118557,22746128B51975137382727,Boyolali,100.0
Boven Digoel,71509,22746128B21273779065212,Boven Digoel,100.0
Bone Bolango,174793,22746128B41707288718561,Bone Bolango,100.0
Bone,844021,22746128B25468135680533,Bone,100.0
Bondowoso,800132,22746128B61555758059649,Bondowoso,100.0
Bombana,165590,22746128B28760414544557,Bombana,100.0
Bolaang Mongondow Utara,89348,22746128B96389329417801,Bolaang Mongondow Utara,100.0
Bolaang Mongondow Timur,94242,22746128B26195600949416,Bolaang Mongondow Timur,100.0
Bolaang Mongondow Selatan,74490,22746128B14720240696101,Bolaang Mongondow Selatan,100.0
Dompu,258349,22746128B31420255543838,Dompu,100.0
Dogiyai,129273,22746128B76462588476684,Dogiyai,100.0
Dharmasraya,252149,22746128B7219534805401,Dharmasraya,100.0
Demak,1276683,22746128B71519500232359,Demak,100.0
Deli Serdang,2106860,22746128B17104196518473,Deli Serdang,100.0
Deiyai,110187,22746128B51921656212420,Deiyai,100.0
Dairi,342229,22746128B7455670127099,Dairi,100.0
Cirebon,2438657,22746128B77544549346240,Cirebon,100.0
Cilacap,2064810,22746128B37209370352000,Cilacap,100.0
Cianjur,2634844,22746128B34542084533901,Cianjur,100.0
Ciamis,1273158,22746128B17121530580660,Ciamis,100.0
Buton Utara,71406,22746128B51044624823813,Buton Utara,100.0
Buton Tengah,124926,22746128B6718763508294,Buton Tengah,100.0
Buton Selatan,104395,22746128B94245100908076,Buton Selatan,100.0
Buton,125654,22746128B86741169633217,Buton,100.0
Buru Selatan,83587,22746128B90083339512512,Buru Selatan,100.0
Gunung Mas,150923,22746128B12491014044373,Gunung Mas,100.0
Gunung Kidul,754056,22746128B54859500646728,Gunung Kidul,100.0
Grobogan,1531863,22746128B71964042918672,Grobogan,100.0
Gresik,1390172,22746128B46933486274006,Gresik,100.0
Gowa,839803,22746128B57887954309635,Gowa,100.0
Gorontalo Utara,136881,22746128B78667545948550,Gorontalo Utara,100.0
Gorontalo,417661,22746128B1660874628525,Gorontalo,100.0
Gianyar,533046,22746128B44616450347238,Gianyar,100.0
Gayo Lues,110542,22746128B71384327775718,Gayo Lues,100.0
Garut,2779698,22746128B66421464971893,Garut,100.0
Flores Timur,300997,22746128B68993103553012,Flores Timur,100.0
Fakfak,92700,22746128B79106566109504,Fakfak,100.0
Enrekang,245256,22746128B73854324401708,Enrekang,100.0
Ende,286911,22746128B46201528673681,Ende,100.0
Empat Lawang,352187,22746128B47089116764549,Empat Lawang,100.0
Donggala,316206,22746128B11403753934380,Donggala,100.0
Jember,2635737,22746128B56085237319005,Jember,100.0
Jayawijaya,286601,22746128B40741333574981,Jayawijaya,100.0
Jayapura,176375,22746128B71103770185906,Jayapura,100.0
Intan Jaya,147845,22746128B83440404091664,Intan Jaya,100.0
Indramayu,1950316,22746128B59462811669242,Indramayu,100.0
Indragiri Hulu,480336,22746128B72920479258091,Indragiri Hulu,100.0
Indragiri Hilir,699324,22746128B36468792556341,Indragiri Hilir,100.0
Humbang Hasundutan,211870,22746128B305851071948,Humbang Hasundutan,100.0
Hulu Sungai Utara,242092,22746128B21492383155838,Hulu Sungai Utara,100.0
Hulu Sungai Tengah,273672,22746128B20472072190374,Hulu Sungai Tengah,100.0
Hulu Sungai Selatan,244223,22746128B37889128386884,Hulu Sungai Selatan,100.0
Halmahera Utara,212742,22746128B41252486574655,Halmahera Utara,100.0
Halmahera Timur,101451,22746128B70343351071090,Halmahera Timur,100.0
Halmahera Tengah,64429,22746128B46636453933041,Halmahera Tengah,100.0
Halmahera Selatan,273020,22746128B2838702785556,Halmahera Selatan,100.0
Halmahera Barat,140416,22746128B52341022582766,Halmahera Barat,100.0
Kayong Utara,139479,22746128B56151469580770,Kayong Utara,100.0
Kaur,135779,22746128B79405855452274,Kaur,100.0
Katingan,176764,22746128B40819362853427,Katingan,100.0
Karo,437547,22746128B49947212525753,Karo,100.0
Karimun,268590,22746128B38340908247842,Karimun,100.0
Karawang,2607281,22746128B53840275251202,Karawang,100.0
Karanganyar,974825,22746128B38192287274107,Karanganyar,100.0
Kapuas Hulu,272260,22746128B82886709098386,Kapuas Hulu,100.0
Kapuas,439795,22746128B40136746216216,Kapuas,100.0
Kampar,921673,22746128B8837306932395,Kampar,100.0
Kaimana,68923,22746128B93097528927367,Kaimana,100.0
Jombang,1384556,22746128B39847330151566,Jombang,100.0
Jepara,1255376,22746128B68650893607060,Jepara,100.0
Jeneponto,427667,22746128B64050318598962,Jeneponto,100.0
Jembrana,329703,22746128B85592790675198,Jembrana,100.0
Kerinci,259640,22746128B64633952285861,Kerinci,100.0
Kepulauan Yapen,121653,22746128B96094928872069,Kepulauan Yapen,100.0
Kepulauan Talaud,100244,22746128B45484540858108,Kepulauan Talaud,100.0
Kepulauan Sula,111795,22746128B81791072961966,Kepulauan Sula,100.0
Kepulauan Selayar,145776,22746128B1615833901652,Kepulauan Selayar,100.0
Kepulauan Sangihe,144408,22746128B28296608330436,Kepulauan Sangihe,100.0
Kepulauan Meranti,217407,22746128B32802105420608,Kepulauan Meranti,100.0
Kepulauan Mentawai,95323,22746128B86355072671334,Kepulauan Mentawai,100.0
Kepulauan Aru,112697,22746128B17511076551422,Kepulauan Aru,100.0
Kepulauan Anambas,50983,22746128B99951880476592,Kepulauan Anambas,100.0
Kepahiang,159639,22746128B30869437307727,Kepahiang,100.0
Kendal,1087809,22746128B21241240008354,Kendal,100.0
Keerom,65450,22746128B17774751253690,Keerom,100.0
Kediri,1714171,22746128B82286187836997,Kediri,100.0
Kebumen,1448563,22746128B26305825050369,Kebumen,100.0
Kota Banjar,214084,22746128B64728543729693,Kota Banjar,100.0
Kota Bandung,2569102,22746128B71762235135177,Kota Bandung,100.0
Kota Bandar Lampung,1237627,22746128B13880384963573,Kota Bandar Lampung,100.0
Kota Banda Aceh,270795,22746128B56363132836699,Kota Banda Aceh,100.0
Kota Balikpapan,735912,22746128B66626446070966,Kota Balikpapan,100.0
Kota Ambon,369797,22746128B58388026658287,Kota Ambon,100.0
Konawe Utara,76966,22746128B68991025063444,Konawe Utara,100.0
Konawe Selatan,340022,22746128B90195550492320,Konawe Selatan,100.0
Konawe Kepulauan,41021,22746128B22870517920414,Konawe Kepulauan,100.0
Konawe,282999,22746128B78249855862414,Konawe,100.0
Kolaka Utara,154176,22746128B11198700179718,Kolaka Utara,100.0
Kolaka Timur,131041,22746128B88028223529334,Kolaka Timur,100.0
Kolaka,254270,22746128B69202393010200,Kolaka,100.0
Klungkung,210360,22746128B73073409478343,Klungkung,100.0
Klaten,1308775,22746128B24447956326165,Klaten,100.0
Ketapang,613999,22746128B56277764926455,Ketapang,100.0
Kota Cimahi,613954,22746128B53430054982428,Kota Cimahi,100.0
Kota Cilegon,464999,22746128B25933583546422,Kota Cilegon,100.0
Kota Bukittinggi,126764,22746128B12322141134935,Kota Bukittinggi,100.0
Kota Bontang,193097,22746128B2679722836886,Kota Bontang,100.0
Kota Bogor,1089179,22746128B63896883204987,Kota Bogor,100.0
Kota Blitar,157785,22746128B15123001204790,Kota Blitar,100.0
Kota Bitung,239840,22746128B20507278995893,Kota Bitung,100.0
Kota Binjai,314552,22746128B66679629138785,Kota Binjai,100.0
Kota Bima,168060,22746128B33789977192923,Kota Bima,100.0
Kota Bengkulu,409591,22746128B322693337562,Kota Bengkulu,100.0
Kota Bekasi,2652952,22746128B54763839112631,Kota Bekasi,100.0
Kota Baubau,173182,22746128B66779214231616,Kota Baubau,100.0
Kota Batu,227482,22746128B69457994360094,Kota Batu,100.0
Kota Batam,1316743,22746128B16651418017337,Kota Batam,100.0
Kota Banjarmasin,672668,22746128B37126944555810,Kota Banjarmasin,100.0
Kota Banjar Baru,284079,22746128B6711072078761,Kota Banjar Baru,100.0
Kota Kotamobagu,131721,22746128B93986330379000,Kota Kotamobagu,100.0
Kota Kendari,383708,22746128B80961359079738,Kota Kendari,100.0
Kota Kediri,304129,22746128B79918158306090,Kota Kediri,100.0
Kota Jayapura,431482,22746128B85346986276333,Kota Jayapura,100.0
Kota Jambi,649260,22746128B99667418524197,Kota Jambi,100.0
Kota Jakarta Utara,1822156,22746128B85966169947265,Kota Jakarta Utara,100.0
Kota Jakarta Timur,3083988,22746128B5353616278909,Kota Jakarta Timur,100.0
Kota Jakarta Selatan,2207857,22746128B93686700937380,Kota Jakarta Selatan,100.0
Kota Jakarta Pusat,1032236,22746128B21128962092426,Kota Jakarta Pusat,100.0
Kota Jakarta Barat,2494110,22746128B58252967349746,Kota Jakarta Barat,100.0
Kota Gunungsitoli,149739,22746128B74256869593133,Kota Gunungsitoli,100.0
Kota Gorontalo,212514,22746128B66202348563483,Kota Gorontalo,100.0
Kota Dumai,341006,22746128B18875576502901,Kota Dumai,100.0
Kota Depok,2173248,22746128B73481124779947,Kota Depok,100.0
Kota Denpasar,769162,22746128B89164850776530,Kota Denpasar,100.0
Kota Cirebon,350130,22746128B80288264799633,Kota Cirebon,100.0
Kota Padangsidimpuan,247535,22746128B81378642761445,Kota Padangsidimpuan,100.0
Kota Padang Panjang,61072,22746128B34977061629525,Kota Padang Panjang,100.0
Kota Padang,975548,22746128B51925287869213,Kota Padang,100.0
Kota Mojokerto,139817,22746128B53956788697299,Kota Mojokerto,100.0
Kota Metro,179309,22746128B64737377738458,Kota Metro,100.0
Kota Medan,2510147,22746128B40654739963843,Kota Medan,100.0
Kota Mataram,452410,22746128B34810169298981,Kota Mataram,100.0
Kota Manado,463564,22746128B83673204362612,Kota Manado,100.0
Kota Malang,886820,22746128B9724218643478,Kota Malang,100.0
Kota Magelang,122903,22746128B66141272433758,Kota Magelang,100.0
Kota Madiun,205316,22746128B30166819315055,Kota Madiun,100.0
Kota Lubuklinggau,251980,22746128B74548717001691,Kota Lubuklinggau,100.0
Kota Lhokseumawe,206394,22746128B88010078110453,Kota Lhokseumawe,100.0
Kota Langsa,204203,22746128B69628984727954,Kota Langsa,100.0
Kota Kupang,490393,22746128B56606429525327,Kota Kupang,100.0
Kota Probolinggo,254569,22746128B48742890195125,Kota Probolinggo,100.0
Kota Prabumulih,208461,22746128B13695709263199,Kota Prabumulih,100.0
Kota Pontianak,690969,22746128B68403360613456,Kota Pontianak,100.0
Kota Pematang Siantar,281250,22746128B46755595316405,Kota Pematang Siantar,100.0
Kota Pekanbaru,1046046,22746128B3549150233660,Kota Pekanbaru,100.0
Kota Pekalongan,327929,22746128B98453198956040,Kota Pekalongan,100.0
Kota Payakumbuh,150446,22746128B75816793285642,Kota Payakumbuh,100.0
Kota Pasuruan,225257,22746128B86769429493629,Kota Pasuruan,100.0
Kota Pariaman,100516,22746128B94413576870843,Kota Pariaman,100.0
Kota Parepare,165845,22746128B37987509465042,Kota Parepare,100.0
Kota Pangkal Pinang,236426,22746128B92282941938888,Kota Pangkal Pinang,100.0
Kota Palu,402417,22746128B23229204425516,Kota Palu,100.0
Kota Palopo,201386,22746128B54354608226928,Kota Palopo,100.0
Kota Palembang,1740559,22746128B87825164980488,Kota Palembang,100.0
Kota Palangka Raya,318540,22746128B5087893857208,Kota Palangka Raya,100.0
Kota Pagar Alam,151820,22746128B19740076763731,Kota Pagar Alam,100.0
Kota Tangerang,1979289,22746128B7613374511026,Kota Tangerang,100.0
Kota Surakarta,529966,22746128B33460906687482,Kota Surakarta,100.0
Kota Surabaya,2940265,22746128B68603538827891,Kota Surabaya,100.0
Kota Sungai Penuh,102961,22746128B31453944142504,Kota Sungai Penuh,100.0
Kota Sukabumi,375584,22746128B82825120895999,Kota Sukabumi,100.0
Kota Subulussalam,103499,22746128B20185680371825,Kota Subulussalam,100.0
Kota Sorong,306083,22746128B11366688050704,Kota Sorong,100.0
Kota Solok,82654,22746128B30699524960223,Kota Solok,100.0
Kota Singkawang,257574,22746128B18670307275317,Kota Singkawang,100.0
Kota Sibolga,92774,22746128B47009036461165,Kota Sibolga,100.0
Kota Serang,756145,22746128B38845978082923,Kota Serang,100.0
Kota Semarang,1735503,22746128B5783483209745,Kota Semarang,100.0
Kota Sawah Lunto,70664,22746128B93370341632229,Kota Sawah Lunto,100.0
Kota Samarinda,872306,22746128B87893249930832,Kota Samarinda,100.0
Kota Salatiga,205821,22746128B99456803569608,Kota Salatiga,100.0
Kota Sabang,44610,22746128B78398648082643,Kota Sabang,100.0
Kuantan Singingi,356220,22746128B8182037452639,Kuantan Singingi,100.0
Kotawaringin Timur,457424,22746128B94284518008212,Kotawaringin Timur,100.0
Kotawaringin Barat,288560,22746128B93777795819955,Kotawaringin Barat,100.0
Kota Yogyakarta,375660,22746128B9761158776103,Kota Yogyakarta,100.0
Kota Tual,94992,22746128B79752231805890,Kota Tual,100.0
Kota Tomohon,105651,22746128B12552284418793,Kota Tomohon,100.0
Kota Tidore Kepulauan,123454,22746128B24002479708791,Kota Tidore Kepulauan,100.0
Kota Ternate,219069,22746128B36781349389855,Kota Ternate,100.0
Kota Tegal,291687,22746128B85080883644541,Kota Tegal,100.0
Kota Tebing Tinggi,184883,22746128B29639616204280,Kota Tebing Tinggi,100.0
Kota Tasikmalaya,767854,22746128B57000549481658,Kota Tasikmalaya,100.0
Kota Tarakan,259336,22746128B97983454808676,Kota Tarakan,100.0
Kota Tanjung Pinang,242421,22746128B73074683492420,Kota Tanjung Pinang,100.0
Kota Tanjung Balai,190449,22746128B91306693093612,Kota Tanjung Balai,100.0
Kota Tangerang Selatan,1405035,22746128B62533997811788,Kota Tangerang Selatan,100.0
Lampung Selatan,1147198,22746128B4401734887211,Lampung Selatan,100.0
Lampung Barat,322589,22746128B74428971192525,Lampung Barat,100.0
Lamongan,1394222,22746128B62762388436916,Lamongan,100.0
Lamandau,106700,22746128B62127435888540,Lamandau,100.0
Lahat,460814,22746128B84107388414918,Lahat,100.0
Labuhan Batu Utara,422072,22746128B7095356521044,Labuhan Batu Utara,100.0
Labuhan Batu Selatan,347767,22746128B23995987640193,Labuhan Batu Selatan,100.0
Labuhan Batu,533334,22746128B75065966155231,Labuhan Batu,100.0
Kutai Timur,477695,22746128B75924443266043,Kutai Timur,100.0
Kutai Kartanegara,897918,22746128B55621143702768,Kutai Kartanegara,100.0
Kutai Barat,181813,22746128B93368126922918,Kutai Barat,100.0
Kupang,386353,22746128B27765258797580,Kupang,100.0
Kuningan,1236761,22746128B44289127403365,Kuningan,100.0
Kulon Progo,449501,22746128B43033686501526,Kulon Progo,100.0
Kudus,899832,22746128B61967707401144,Kudus,100.0
Kubu Raya,670755,22746128B69090577702614,Kubu Raya,100.0
Lumajang,1158367,22746128B76070527787319,Lumajang,100.0
Lombok Utara,268761,22746128B90862663975631,Lombok Utara,100.0
Lombok Timur,1460017,22746128B55307338459902,Lombok Timur,100.0
Lombok Tengah,1149627,22746128B98880758851169,Lombok Tengah,100.0
Lombok Barat,787339,22746128B38668827904245,Lombok Barat,100.0
Lingga,103880,22746128B41866695352092,Lingga,100.0
Lima Puluh Kota,410327,22746128B97954273808268,Lima Puluh Kota,100.0
Lembata,147202,22746128B62947944336237,Lembata,100.0
Lebong,114499,22746128B6914990948320,Lebong,100.0
Lebak,1478091,22746128B73767534141998,Lebak,100.0
Lanny Jaya,213985,22746128B21145180666794,Lanny Jaya,100.0
Langkat,1100570,22746128B45262154134474,Langkat,100.0
Landak,429744,22746128B55433427549228,Landak,100.0
Lampung Utara,671492,22746128B16659764843822,Lampung Utara,100.0
Lampung Timur,1175365,22746128B49036162018248,Lampung Timur,100.0
Lampung Tengah,1557290,22746128B57273633041967,Lampung Tengah,100.0
Maluku Tenggara,128774,22746128B6545713511337,Maluku Tenggara,100.0
Maluku Tengah,450384,22746128B41463091507887,Maluku Tengah,100.0
Maluku Barat Daya,89926,22746128B88480653802061,Maluku Barat Daya,100.0
Malinau,88445,22746128B54632748429230,Malinau,100.0
Malang,2774002,22746128B8866265958554,Malang,100.0
Malaka,198496,22746128B56140662064287,Malaka,100.0
Majene,188857,22746128B56869239776422,Majene,100.0
Majalengka,1374601,22746128B87647472826371,Majalengka,100.0
Magetan,692785,22746128B43524249433579,Magetan,100.0
Magelang,1362099,22746128B50341569898666,Magelang,100.0
Madiun,763828,22746128B56340035124164,Madiun,100.0
Luwu Utara,345321,22746128B26232805086319,Luwu Utara,100.0
Luwu Timur,321021,22746128B1110744719374,Luwu Timur,100.0
Luwu,394206,22746128B94521952332625,Luwu,100.0
Melawi,250492,22746128B3341090541732,Melawi,100.0
Maybrat,50059,22746128B44891092584435,Maybrat,100.0
Maros,424592,22746128B73491405172020,Maros,100.0
Mappi,118820,22746128B63262525003276,Mappi,100.0
Manokwari Selatan,40319,22746128B90822416479405,Manokwari Selatan,100.0
Manokwari,211063,22746128B58641314112332,Manokwari,100.0
Manggarai Timur,306838,22746128B57997288446056,Manggarai Timur,100.0
Manggarai Barat,287142,22746128B27819456459641,Manggarai Barat,100.0
Manggarai,345826,22746128B41361424069199,Manggarai,100.0
Mandailing Natal,521528,22746128B80893459197040,Mandailing Natal,100.0
Mamuju Tengah,150458,22746128B49136567123703,Mamuju Tengah,100.0
Mamuju,306597,22746128B65468173429736,Mamuju,100.0
Mamberamo Tengah,55074,22746128B2349164731379,Mamberamo Tengah,100.0
Mamberamo Raya,40887,22746128B39960960221771,Mamberamo Raya,100.0
Mamasa,178098,22746128B65559589019405,Mamasa,100.0
Muna,234539,22746128B70372019871554,Muna,100.0
Mukomuko,207380,22746128B39825953538573,Mukomuko,100.0
Muaro Jambi,435795,22746128B29274337249674,Muaro Jambi,100.0
Muara Enim,654720,22746128B32446581498560,Muara Enim,100.0
Morowali Utara,131353,22746128B96188894812390,Morowali Utara,100.0
Morowali,178654,22746128B26432903559283,Morowali,100.0
Mojokerto,1170760,22746128B795310620233,Mojokerto,100.0
Minahasa Utara,237708,22746128B90516172699691,Minahasa Utara,100.0
Minahasa Tenggara,122605,22746128B38105670760260,Minahasa Tenggara,100.0
Minahasa Selatan,243684,22746128B98133955192071,Minahasa Selatan,100.0
Minahasa,356624,22746128B63895215577583,Minahasa,100.0
Mimika,335373,22746128B99426029309213,Mimika,100.0
Mesuji,248750,22746128B5734020897269,Mesuji,100.0
Merauke,243628,22746128B65756496772256,Merauke,100.0
Merangin,383224,22746128B71403115718321,Merangin,100.0
Mempawah,324456,22746128B13218426778114,Mempawah,100.0
Nias Selatan,404325,22746128B70987165350034,Nias Selatan,100.0
Nias Barat,100960,22746128B23007358779926,Nias Barat,100.0
Nias,159325,22746128B114560941686,Nias,100.0
Ngawi,889988,22746128B17210029520680,Ngawi,100.0
Nganjuk,1145155,22746128B46559606025688,Nganjuk,100.0
Ngada,178843,22746128B33181363193361,Ngada,100.0
Nduga,116376,22746128B7624163664321,Nduga,100.0
Natuna,87825,22746128B6637644559706,Natuna,100.0
Nagekeo,172974,22746128B97494513966687,Nagekeo,100.0
Nagan Raya,180440,22746128B8237986094994,Nagan Raya,100.0
Nabire,178421,22746128B29146649309875,Nabire,100.0
Musi Rawas Utara,203119,22746128B26074251210079,Musi Rawas Utara,100.0
Musi Rawas,419572,22746128B56500782521831,Musi Rawas,100.0
Musi Banyuasin,666458,22746128B84212736337013,Musi Banyuasin,100.0
Murung Raya,121996,22746128B54866510421393,Murung Raya,100.0
Muna Barat,94305,22746128B23924471266348,Muna Barat,100.0
Pangkajene dan Kepulauan,366192,22746128B84288456023840,Pangkajene Dan Kepulauan,100.0
Pangandaran,438741,22746128B59857718615465,Pangandaran,100.0
Pandeglang,1350503,22746128B79755996911998,Pandeglang,100.0
Pamekasan,901666,22746128B37926964335633,Pamekasan,100.0
Pakpak Bharat,58261,22746128B12751431115951,Pakpak Bharat,100.0
Padang Pariaman,474990,22746128B3683779023382,Padang Pariaman,100.0
Padang Lawas Utara,290671,22746128B6160471216736,Padang Lawas Utara,100.0
Padang Lawas,290481,22746128B18337582481574,Padang Lawas,100.0
Pacitan,589357,22746128B46377021687256,Pacitan,100.0
Ogan Komering Ulu Timur,685776,22746128B29719145941035,Ogan Komering Ulu Timur,100.0
Ogan Komering Ulu Selatan,439948,22746128B38683854456350,Ogan Komering Ulu Selatan,100.0
Ogan Komering Ulu,390470,22746128B55651065226017,Ogan Komering Ulu,100.0
Ogan Komering Ilir,825692,22746128B6554957987252,Ogan Komering Ilir,100.0
Ogan Ilir,446141,22746128B50783491652131,Ogan Ilir,100.0
Nunukan,216970,22746128B24707766174966,Nunukan,100.0
Nias Utara,164166,22746128B50601239773602,Nias Utara,100.0
Pesisir Barat,177385,22746128B87029922352837,Pesisir Barat,100.0
Pesawaran,512164,22746128B94381737455512,Pesawaran,100.0
Penukal Abab Lematang Ilir,210633,22746128B2393542990028,Penukal Abab Lematang Ilir,100.0
Penajam Paser Utara,523288,22746128B96540112180119,Penajam Paser Utara,100.0
Pemalang,1576420,22746128B43122306499336,Pemalang,100.0
Pelalawan,427434,22746128B44055596539945,Pelalawan,100.0
Pekalongan,1041335,22746128B43405552393366,Pekalongan,100.0
Pegunungan Bintang,86070,22746128B40289792856685,Pegunungan Bintang,100.0
Pegunungan Arfak,42914,22746128B30560862468368,Pegunungan Arfak,100.0
Pati,1392603,22746128B37789509782125,Pati,100.0
Pasuruan,1681022,22746128B81373906315979,Pasuruan,100.0
Paser,292393,22746128B17746000623405,Paser,100.0
Pasaman Barat,468987,22746128B95220206981522,Pasaman Barat,100.0
Pasaman,327768,22746128B82897046958257,Pasaman,100.0
Parigi Moutong,469668,22746128B5854376167403,Parigi Moutong,100.0
Paniai,243966,22746128B72382312298600,Paniai,100.0
Purbalingga,1057643,22746128B86887436396051,Purbalingga,100.0
Puncak Jaya,239596,22746128B50358350022934,Puncak Jaya,100.0
Puncak,126152,22746128B1222572676249,Puncak,100.0
Pulau Taliabu,63085,22746128B98781354669228,Pulau Taliabu,100.0
Pulau Morotai,82247,22746128B67952855762127,Pulau Morotai,100.0
Pulang Pisau,142028,22746128B75083695068268,Pulang Pisau,100.0
Probolinggo,1200981,22746128B57336658570108,Probolinggo,100.0
Pringsewu,434739,22746128B80903663444835,Pringsewu,100.0
Poso,258768,22746128B71918225941207,Poso,100.0
Ponorogo,968994,22746128B39928875112308,Ponorogo,100.0
Polewali Mandar,513066,22746128B50766380968306,Polewali Mandar,100.0
Pohuwato,157527,22746128B36723886609479,Pohuwato,100.0
Pinrang,435066,22746128B71783882222616,Pinrang,100.0
Pidie Jaya,170580,22746128B77747107542596,Pidie Jaya,100.0
Pidie,461254,22746128B35853530005037,Pidie,100.0
Pesisir Selatan,547763,22746128B35993392452682,Pesisir Selatan,100.0
Sekadau,227866,22746128B16160803458764,Sekadau,100.0
Sarolangun,314735,22746128B44731308508060,Sarolangun,100.0
Sarmi,43846,22746128B27261093121909,Sarmi,100.0
Sanggau,522799,22746128B74989070523542,Sanggau,100.0
Sampang,1038386,22746128B2542813239591,Sampang,100.0
Samosir,146539,22746128B81816662901100,Samosir,100.0
Sambas,667834,22746128B87993072617697,Sambas,100.0
Sabu Raijua,97742,22746128B67076907647447,Sabu Raijua,100.0
Rote Ndao,157788,22746128B61006797400672,Rote Ndao,100.0
Rokan Hulu,609692,22746128B35208725321264,Rokan Hulu,100.0
Rokan Hilir,691826,22746128B71759944188311,Rokan Hilir,100.0
Rembang,674717,22746128B94981829239468,Rembang,100.0
Rejang Lebong,294879,22746128B47928451075254,Rejang Lebong,100.0
Raja Ampat,73137,22746128B90221566890304,Raja Ampat,100.0
Purworejo,808153,22746128B47019757463267,Purworejo,100.0
Purwakarta,1075243,22746128B43709097539954,Purwakarta,100.0
Simeulue,101604,22746128B32199422560180,Simeulue,100.0
Simalungun,1082872,22746128B18371020983209,Simalungun,100.0
Sikka,350343,22746128B25889265457696,Sikka,100.0
Sijunjung,252768,22746128B5140836931072,Sijunjung,100.0
Sigi,276556,22746128B27078250924142,Sigi,100.0
Sidoarjo,2215288,22746128B7257810863239,Sidoarjo,100.0
Sidenreng Rappang,336245,22746128B89870320898123,Sidenreng Rappang,100.0
Siau Tagulandang Biaro,74938,22746128B24839603722983,Siau Tagulandang Biaro,100.0
Siak,496891,22746128B48036345674071,Siak,100.0
Seruyan,180308,22746128B10156150641021,Seruyan,100.0
Serdang Bedagai,708267,22746128B52277249956552,Serdang Bedagai,100.0
Serang,1738298,22746128B3242616561013,Serang,100.0
Seram Bagian Timur,151788,22746128B38603798591380,Seram Bagian Timur,100.0
Seram Bagian Barat,233187,22746128B92585048181027,Seram Bagian Barat,100.0
Semarang,1107054,22746128B46914217687538,Semarang,100.0
Seluma,222168,22746128B87861638449066,Seluma,100.0
Sumba Barat Daya,342287,22746128B80160169684098,Sumba Barat Daya,100.0
Sumba Barat,160172,22746128B3578697728098,Sumba Barat,100.0
Sukoharjo,959018,22746128B41417259813102,Sukoharjo,100.0
Sukamara,70142,22746128B44365111458704,Sukamara,100.0
Sukabumi,2875411,22746128B66929526216355,Sukabumi,100.0
Subang,1687343,22746128B90150108137034,Subang,100.0
Sragen,1018657,22746128B28263166501815,Sragen,100.0
Sorong Selatan,58288,22746128B99267537228675,Sorong Selatan,100.0
Sorong,125222,22746128B25112391877259,Sorong,100.0
Soppeng,241460,22746128B93867843889604,Soppeng,100.0
Solok Selatan,201979,22746128B25846553351835,Solok Selatan,100.0
Solok,420412,22746128B59065860162276,Solok,100.0
Sleman,1190034,22746128B68764842139539,Sleman,100.0
Situbondo,707572,22746128B65817775308435,Situbondo,100.0
Sintang,454581,22746128B74245273608062,Sintang,100.0
Sinjai,276173,22746128B62270956264702,Sinjai,100.0
Tanah Laut,372716,22746128B54914598899185,Tanah Laut,100.0
Tanah Datar,397235,22746128B43985885623603,Tanah Datar,100.0
Tanah Bumbu,352072,22746128B5843223707622,Tanah Bumbu,100.0
Tana Toraja,298208,22746128B55477646801661,Tana Toraja,100.0
Tana Tidung,29486,22746128B22343651246279,Tana Tidung,100.0
Tambrauw,32755,22746128B68810971865676,Tambrauw,100.0
Takalar,325192,22746128B33549586615312,Takalar,100.0
Tabanan,470510,22746128B4646422714630,Tabanan,100.0
Tabalong,273602,22746128B29828162207979,Tabalong,100.0
Supiori,25524,22746128B73598541988454,Supiori,100.0
Sumenep,1165227,22746128B46307112426649,Sumenep,100.0
Sumedang,1203722,22746128B19624873108228,Sumedang,100.0
Sumbawa Barat,160732,22746128B87271379033569,Sumbawa Barat,100.0
Sumbawa,550684,22746128B848155691224,Sumbawa,100.0
Sumba Timur,266655,22746128B15873256673931,Sumba Timur,100.0
Sumba Tengah,96036,22746128B11743482298506,Sumba Tengah,100.0
Timor Tengah Utara,283855,22746128B66987763142599,Timor Tengah Utara,100.0
Timor Tengah Selatan,494692,22746128B39495189442435,Timor Tengah Selatan,100.0
Temanggung,827132,22746128B37534287210764,Temanggung,100.0
Teluk Wondama,47619,22746128B47515282892276,Teluk Wondama,100.0
Teluk Bintuni,92923,22746128B11480476919105,Teluk Bintuni,100.0
Tegal,1713090,22746128B39713682939315,Tegal,100.0
Tebo,363894,22746128B61304276790881,Tebo,100.0
Tasikmalaya,1946197,22746128B89217704079934,Tasikmalaya,100.0
Tapin,203482,22746128B54842505361870,Tapin,100.0
Tapanuli Utara,334715,22746128B99937545443202,Tapanuli Utara,100.0
Tapanuli Tengah,410849,22746128B86210793324026,Tapanuli Tengah,100.0
Tapanuli Selatan,324079,22746128B22210082667393,Tapanuli Selatan,100.0
Tanjung Jabung Timur,243255,22746128B13468366985120,Tanjung Jabung Timur,100.0
Tanjung Jabung Barat,344131,22746128B97653119007289,Tanjung Jabung Barat,100.0
Tanggamus,685539,22746128B69666188283297,Tanggamus,100.0
Tangerang,3468939,22746128B62876177397182,Tangerang,100.0
Bantul,1033465,22746128B15956982783625,Bantul,100.0
Bantaeng,209844,22746128B71175962379658,Bantaeng,100.0
Banjarnegara,1077335,22746128B31481808975183,Banjarnegara,100.0
Banjar,618481,22746128B79736905882971,Banjar,100.0
Bangli,263972,22746128B25936754669599,Bangli,100.0
Bangkalan,1123061,22746128B23347682239441,Bangkalan,100.0
Bangka Tengah,216454,22746128B66707258567489,Bangka Tengah,100.0
Bangka Selatan,213683,22746128B19321376976921,Bangka Selatan,100.0
Bangka Barat,221628,22746128B47433230053131,Bangka Barat,100.0
Bangka,350006,22746128B27585215741432,Bangka,100.0
Banggai Laut,75832,22746128B78411617556279,Banggai Laut,100.0
Banggai Kepulauan,126865,22746128B2571336805106,Banggai Kepulauan,100.0
Banggai,385116,22746128B48169474795911,Banggai,100.0
Bandung Barat,1931072,22746128B79756617117888,Bandung Barat,100.0
Bandung,3812412,22746128B73297609500416,Bandung,100.0
Balangan,142029,22746128B67876608948387,Balangan,100.0
Yalimo,111371,22746128B10188501962211,Yalimo,100.0
Aceh Barat,210738,22746128B65593111718524,Aceh Barat,100.0
