rank,nama_geo,penduduk,d_mbps_mobile,lat_ms_mobile,Q,D,U,muncul_di_7_skenario
1,Nias Selatan,404325,27.646462730627302,72.07232472324723,0.0657370517928287,0.5408366533864541,0.5052836462913286,7
2,Timor Tengah Selatan,494692,30.03191268656716,56.829104477611935,0.11454183266932269,0.5567729083665338,0.49299911906160215,7
3,Magelang,1362099,44.37789805477848,34.525730271290094,0.4531872509960159,0.8555776892430278,0.4678407882414564,7
4,Manggarai,345826,34.11410902439024,51.21951219512195,0.1703187250996016,0.5567729083665338,0.4619440564435484,7
5,Agam,574226,31.836946709916592,32.437442075996294,0.2948207171314741,0.6394422310756973,0.4509214139458105,7
6,Kota Palu,402417,41.22004659538976,40.28514558689718,0.34462151394422313,0.6842629482071714,0.44845121506007846,7
7,Padang Pariaman,474990,37.01241752738654,36.347417840375584,0.30378486055776893,0.6384462151394422,0.4444959206996715,7
8,Kota Padang,975548,39.02854225786552,28.973966687230103,0.4701195219123506,0.8306772908366534,0.44015968000507927,6
9,Lampung Tengah,1557290,40.6845253071807,31.77116446849284,0.43227091633466136,0.7619521912350598,0.4325824193266773,6
10,Sikka,350343,36.07543114311432,49.6978697869787,0.20418326693227096,0.5408366533864541,0.4304068586212917,6
11,Lampung Utara,671492,37.094586573354064,32.472006220839816,0.3645418326693227,0.6583665338645419,0.4183643910414121,5
12,Jayawijaya,286601,28.45941639163917,263.06490649064904,0.026892430278884463,0.42430278884462147,0.41289225567848126,6
13,Mandailing Natal,521528,30.53141096883305,42.85479584440686,0.18227091633466133,0.500996015936255,0.4096790130315392,4
14,Way Kanan,509245,35.74959849272349,36.37006237006237,0.28486055776892427,0.5727091633466135,0.4095669116363232,4
15,Parigi Moutong,469668,33.40045868529348,48.39029672947802,0.1713147410358566,0.4940239043824701,0.40939032713766443,5
16,Manggarai Timur,306838,30.1268031496063,54.33543307086615,0.12151394422310755,0.46314741035856577,0.4068685417691783,4
17,Pasaman Barat,468987,36.2762907098121,41.059498956158656,0.26095617529880477,0.549800796812749,0.4063268837002587,5
18,Lombok Timur,1460017,42.16318818025588,29.484533129654384,0.5119521912350598,0.8316733067729083,0.40589633497880984,4
19,Kota Kupang,490393,49.24092124434991,40.89699547992555,0.49003984063745015,0.7928286852589641,0.4043110426818622,5
20,Sumba Barat Daya,342287,37.14965652374366,43.11802674043338,0.26195219123505975,0.547808764940239,0.4043090585863716,5
